{
  "certs": [
    {
      "service": "0.*.*.*",
      "parcel": "0.*.*.*",
      "camera_wrapper": "1.*.*.*",
      "camera_core": "5.*.*.*",
      "camera_config": "1.*",
      "camera_model": "0300-0000-0000-0000-0000-0000-0000-00b1",
      "device_model": ["TC78", "TC73"],
      "region": "AU",
      "imu_model": "BMI280",
      "regulatory": "0.*.*.*",
      "regulatory_version": "0.2.0.0",
      "approval": "Fake AU Approval",
      "dval_l_cm": [1, 2],
      "thld_l_cm": [10, 20, 80],
      "dval_w_cm": [1, 2],
      "thld_w_cm": [10, 20, 80],
      "dval_h_cm": [1, 2],
      "thld_h_cm": [10, 20, 80],
      "unit": "cm",
      "max_limit_rule": 9
    }
  ]
}